Websites IT & Software  , .NET ,0
Websites IT & Software  ,  D  ,0
Websites IT & Software  ,  Press Releases  ,4
Websites IT & Software  ,  Active Directory  ,0
Websites IT & Software  ,  ADO.NET  ,0
Websites IT & Software  ,  Infographics  ,1
Websites IT & Software  ,  Adobe Air  ,0
Websites IT & Software  ,  Blockchain  ,3
Websites IT & Software  ,  Adobe Captivate  ,0
Websites IT & Software  ,  Adobe Freehand  ,0
Websites IT & Software  ,  Adobe Illustrator  ,0
Websites IT & Software  ,  Adobe Muse  ,0
Websites IT & Software  ,  Business Intelligence  ,14
Websites IT & Software  ,  Adobe Premiere Pro  ,0
Websites IT & Software  ,  Computer Security  ,1
Websites IT & Software  ,  Agile Development  ,0
Websites IT & Software  ,  AJAX  ,0
Websites IT & Software  ,  Alibaba  ,0
Websites IT & Software  ,  cxf  ,71
Websites IT & Software  ,  Amazon Web Services  ,0
Websites IT & Software  ,  AMQP  ,0
Websites IT & Software  ,  Database Programming  ,10
Websites IT & Software  ,  Analytics  ,0
Websites IT & Software  ,  Docker  ,4
Websites IT & Software  ,  Android Wear SDK  ,0
Websites IT & Software  ,  Angular.js  ,0
Websites IT & Software  ,  Apache  ,0
Websites IT & Software  ,  Internet Security  ,2
Websites IT & Software  ,  Apache Ant  ,0
Websites IT & Software  ,  Logo Design  ,1
Websites IT & Software  ,  Apache Maven  ,0
Websites IT & Software  ,  Apache Solr  ,0
Websites IT & Software  ,  API  ,0
Websites IT & Software  ,  Dynamics  ,65
Websites IT & Software  ,  App Developer  ,0
Websites IT & Software  ,  Excel Macros  ,2
Websites IT & Software  ,  Apple Safari  ,0
Websites IT & Software  ,  Flash Animation  ,1
Websites IT & Software  ,  Applescript  ,0
Websites IT & Software  ,  ARCore  ,0
Websites IT & Software  ,  Argus Monitoring Software  ,0
Websites IT & Software  ,  ARKit  ,0
Websites IT & Software  ,  Minitab  ,8
Websites IT & Software  ,  Artificial Intelligence  ,0
Websites IT & Software  ,  AS & iSeries  ,0
Websites IT & Software  ,  Asana  ,0
Websites IT & Software  ,  ASP  ,0
Websites IT & Software  ,  ASP.NET  ,0
Websites IT & Software  ,  Assembly  ,0
Websites IT & Software  ,  Perl  ,57
Websites IT & Software  ,  Asterisk PBX  ,0
Websites IT & Software  ,  Augmented Reality  ,0
Websites IT & Software  ,  AutoHotkey  ,0
Websites IT & Software  ,  Aws Lambda  ,0
Websites IT & Software  ,  Azure  ,0
Websites IT & Software  ,  Arduino  ,1
Websites IT & Software  ,  backbone.js  ,0
Websites IT & Software  ,  Backend Development  ,0
Websites IT & Software  ,  Balsamiq  ,0
Websites IT & Software  ,  Bash Scripting  ,0
Websites IT & Software  ,  BeautifulSoup  ,0
Websites IT & Software  ,  Big Data  ,0
Websites IT & Software  ,  Scrum  ,9
Websites IT & Software  ,  BigCommerce  ,0
Websites IT & Software  ,  Binary Analysis  ,0
Websites IT & Software  ,  Bitcoin  ,0
Websites IT & Software  ,  Biztalk  ,0
Websites IT & Software  ,  Data Science  ,1
Websites IT & Software  ,  Blockchain  ,0
Websites IT & Software  ,  D Model Maker  ,29
Websites IT & Software  ,  Blog Install  ,0
Websites IT & Software  ,  Bluetooth Low Energy BLE  ,0
Websites IT & Software  ,  BMC Remedy  ,0
Websites IT & Software  ,  Audio Production  ,3
Websites IT & Software  ,  Boonex Dolphin  ,0
Websites IT & Software  ,  Bower  ,0
Websites IT & Software  ,  BSD  ,0
Websites IT & Software  ,  Business Catalyst  ,0
Websites IT & Software  ,  Datatables  ,8
Websites IT & Software  ,  Business Intelligence  ,0
Websites IT & Software  ,  Fortran  ,223
Websites IT & Software  ,  C Programming  ,0
Websites IT & Software  ,  ASP  ,226
Websites IT & Software  ,  C# Programming  ,0
Websites IT & Software  ,  Delphi  ,195
Websites IT & Software  ,  C++ Programming  ,0
Websites IT & Software  ,  CakePHP  ,0
Websites IT & Software  ,  Order Processing  ,2
Websites IT & Software  ,  Call Control XML  ,0
Websites IT & Software  ,  Camtasia  ,0
Websites IT & Software  ,  CasperJS  ,0
Websites IT & Software  ,  Cassandra  ,0
Websites IT & Software  ,  Charts  ,0
Websites IT & Software  ,  Chef Configuration Management  ,0
Websites IT & Software  ,  Chordiant  ,0
Websites IT & Software  ,  Data Extraction  ,3
Websites IT & Software  ,  Chrome OS  ,0
Websites IT & Software  ,  Cinematography  ,0
Websites IT & Software  ,  Cisco  ,0
Websites IT & Software  ,  CLIPS  ,0
Websites IT & Software  ,  Clojure  ,0
Websites IT & Software  ,  Cloud Computing  ,0
Websites IT & Software  ,  CMS  ,0
Websites IT & Software  ,  COBOL  ,0
Websites IT & Software  ,  Cocoa  ,0
Websites IT & Software  ,  Cocoa Touch  ,0
Websites IT & Software  ,  Steam API  ,72
Websites IT & Software  ,  Codeigniter  ,0
Websites IT & Software  ,  Coding  ,0
Websites IT & Software  ,  CoffeeScript  ,0
Websites IT & Software  ,  Cold Fusion  ,0
Websites IT & Software  ,  Computer Graphics  ,0
Websites IT & Software  ,  Computer Science  ,0
Websites IT & Software  ,  Computer Security  ,0
Websites IT & Software  ,  Parallax Scrolling  ,1
Websites IT & Software  ,  Copyright  ,0
Websites IT & Software  ,  BMC Remedy  ,4
Websites IT & Software  ,  Corel Draw  ,0
Websites IT & Software  ,  CRE Loaded  ,0
Websites IT & Software  ,  CS-Cart  ,0
Websites IT & Software  ,  CSS  ,0
Websites IT & Software  ,  CubeCart  ,0
Websites IT & Software  ,  CUDA  ,0
Websites IT & Software  ,  cURL  ,0
Websites IT & Software  ,  Genetic Engineering  ,1
Websites IT & Software  ,  CV Library  ,0
Websites IT & Software  ,  cxf  ,0
Websites IT & Software  ,  Dart  ,0
Websites IT & Software  ,  Data Warehousing  ,0
Websites IT & Software  ,  Payment Gateway Integration  ,43
Websites IT & Software  ,  Database Administration  ,0
Websites IT & Software  ,  Adobe Air  ,28
Websites IT & Software  ,  Database Development  ,0
Websites IT & Software  ,  Xamarin  ,50
Websites IT & Software  ,  Database Programming  ,0
Websites IT & Software  ,  DataLife Engine  ,0
Websites IT & Software  ,  Datatables  ,0
Websites IT & Software  ,  DDS  ,0
Websites IT & Software  ,  Debian  ,0
Websites IT & Software  ,  Debugging  ,0
Websites IT & Software  ,  Delphi  ,0
Websites IT & Software  ,  Amazon Kindle  ,9
Websites IT & Software  ,  Digital Marketing  ,0
Websites IT & Software  ,  Django  ,0
Websites IT & Software  ,  DNS  ,0
Websites IT & Software  ,  Docker  ,0
Websites IT & Software  ,  Documentation  ,0
Websites IT & Software  ,  Dojo  ,0
Websites IT & Software  ,  DOS  ,0
Websites IT & Software  ,  DotNetNuke  ,0
Websites IT & Software  ,  Drawing  ,0
Websites IT & Software  ,  Drupal  ,0
Websites IT & Software  ,  Dthreejs  ,0
Websites IT & Software  ,  Dynamics  ,0
Websites IT & Software  ,  Eclipse  ,0
Websites IT & Software  ,  ECMAScript  ,0
Websites IT & Software  ,  Parallel Processing  ,184
Websites IT & Software  ,  eCommerce  ,0
Websites IT & Software  ,  edX  ,0
Websites IT & Software  ,  Instagram Marketing  ,3
Websites IT & Software  ,  Elasticsearch  ,0
Websites IT & Software  ,  Blog Install  ,2
Websites IT & Software  ,  eLearning  ,0
Websites IT & Software  ,  Data Scraping  ,4
Websites IT & Software  ,  Electronic Forms  ,0
Websites IT & Software  ,  Elixir  ,0
Websites IT & Software  ,  PayPal API  ,26
Websites IT & Software  ,  Email Developer  ,0
Websites IT & Software  ,  Visual Basic for Apps  ,16
Websites IT & Software  ,  Embedded Software  ,0
Websites IT & Software  ,  Ember.js  ,0
Websites IT & Software  ,  Erlang  ,0
Websites IT & Software  ,  Ethereum  ,0
Websites IT & Software  ,  Expression Engine  ,14
Websites IT & Software  ,  Express JS  ,0
Websites IT & Software  ,  Expression Engine  ,0
Websites IT & Software  ,  Ext JS  ,0
Websites IT & Software  ,  f#  ,0
Websites IT & Software  ,  iMovie  ,5
Websites IT & Software  ,  Face Recognition  ,0
Websites IT & Software  ,  eLearning Designer  ,3
Websites IT & Software  ,  Facebook API  ,0
Websites IT & Software  ,  App Designer  ,4
Websites IT & Software  ,  FileMaker  ,0
Websites IT & Software  ,  Firefox  ,0
Websites IT & Software  ,  Flask  ,0
Websites IT & Software  ,  Fortran  ,0
Websites IT & Software  ,  Forum Software  ,0
Websites IT & Software  ,  Data Cleansing  ,1
Websites IT & Software  ,  FreelancerAPI  ,0
Websites IT & Software  ,  SEO Writing  ,8
Websites IT & Software  ,  FreeSwitch  ,0
Websites IT & Software  ,  Video Broadcasting  ,2
Websites IT & Software  ,  Frontend Development  ,0
Websites IT & Software  ,  Full Stack Development  ,0
Websites IT & Software  ,  Game Consoles  ,0
Websites IT & Software  ,  eCommerce  ,34
Websites IT & Software  ,  Game Design  ,0
Websites IT & Software  ,  Drawing  ,34
Websites IT & Software  ,  Game Development  ,0
Websites IT & Software  ,  GameSalad  ,0
Websites IT & Software  ,  Templates  ,1
Websites IT & Software  ,  Gamification  ,0
Websites IT & Software  ,  Short Stories  ,2
Websites IT & Software  ,  Geographical Information System GIS  ,0
Websites IT & Software  ,  GIMP  ,0
Websites IT & Software  ,  Git  ,0
Websites IT & Software  ,  Golang  ,0
Websites IT & Software  ,  Research  ,18
Websites IT & Software  ,  Google Analytics  ,0
Websites IT & Software  ,  Google Webmaster Tools  ,22
Websites IT & Software  ,  Google App Engine  ,0
Websites IT & Software  ,  Google Cardboard  ,0
Websites IT & Software  ,  Underscore.js  ,11
Websites IT & Software  ,  Google Chrome  ,0
Websites IT & Software  ,  Email Developer  ,6
Websites IT & Software  ,  Google Cloud Storage  ,0
Websites IT & Software  ,  Travel Writing  ,1
Websites IT & Software  ,  Google Earth  ,0
Websites IT & Software  ,  DNS  ,30
Websites IT & Software  ,  Google Maps API  ,0
Websites IT & Software  ,  Google Plus  ,0
Websites IT & Software  ,  Translation  ,1
Websites IT & Software  ,  Google Web Toolkit  ,0
Websites IT & Software  ,  Photoshop  ,3
Websites IT & Software  ,  Google Webmaster Tools  ,0
Websites IT & Software  ,  Technical Writing  ,29
Websites IT & Software  ,  Google Website Optimizer  ,0
Websites IT & Software  ,  GoPro  ,0
Websites IT & Software  ,  GPGPU  ,0
Websites IT & Software  ,  Grails  ,0
Websites IT & Software  ,  Graphics Programming  ,0
Websites IT & Software  ,  Grease Monkey  ,0
Websites IT & Software  ,  Kotlin  ,4
Websites IT & Software  ,  Growth Hacking  ,0
Websites IT & Software  ,  Grunt  ,0
Websites IT & Software  ,  GTK+  ,0
Websites IT & Software  ,  Hadoop  ,0
Websites IT & Software  ,  Handlebars.js  ,0
Websites IT & Software  ,  Haskell  ,0
Websites IT & Software  ,  HBase  ,0
Websites IT & Software  ,  Heroku  ,0
Websites IT & Software  ,  Hive  ,0
Websites IT & Software  ,  HomeKit  ,0
Websites IT & Software  ,  HP Openview  ,0
Websites IT & Software  ,  HTC Vive  ,0
Websites IT & Software  ,  HTML  ,0
Websites IT & Software  ,  HTML  ,0
Websites IT & Software  ,  iBeacon  ,0
Websites IT & Software  ,  IBM Bluemix  ,0
Websites IT & Software  ,  IBM BPM  ,0
Websites IT & Software  ,  IBM Tivoli  ,0
Websites IT & Software  ,  IBM Websphere Transformation Tool  ,0
Websites IT & Software  ,  IIS  ,0
Websites IT & Software  ,  COBOL  ,23
Websites IT & Software  ,  Instagram  ,0
Websites IT & Software  ,  Flow Charts  ,1
Websites IT & Software  ,  Instagram API  ,0
Websites IT & Software  ,  Internet Security  ,0
Websites IT & Software  ,  Blog  ,6
Websites IT & Software  ,  Interspire  ,0
Websites IT & Software  ,  Dojo  ,29
Websites IT & Software  ,  Ionic Framework  ,0
Websites IT & Software  ,  Grails  ,28
Websites IT & Software  ,  iOS Development  ,0
Websites IT & Software  ,  ITIL  ,0
Websites IT & Software  ,  JEE  ,0
Websites IT & Software  ,  Jabber  ,0
Websites IT & Software  ,  Java  ,0
Websites IT & Software  ,  Java ME  ,0
Websites IT & Software  ,  Java Spring  ,0
Websites IT & Software  ,  JavaFX  ,0
Websites IT & Software  ,  Django  ,699
Websites IT & Software  ,  Javascript  ,0
Websites IT & Software  ,  JD Edwards CNC  ,0
Websites IT & Software  ,  Jinja  ,0
Websites IT & Software  ,  Joomla  ,0
Websites IT & Software  ,  jqGrid  ,0
Websites IT & Software  ,  jQuery / Prototype  ,0
Websites IT & Software  ,  JSON  ,0
Websites IT & Software  ,  JSP  ,0
Websites IT & Software  ,  Julia Language  ,0
Websites IT & Software  ,  JUnit  ,0
Websites IT & Software  ,  Kinect  ,0
Websites IT & Software  ,  Knockout.js  ,0
Websites IT & Software  ,  LabVIEW  ,0
Websites IT & Software  ,  Laravel  ,0
Websites IT & Software  ,  Leap Motion SDK  ,0
Websites IT & Software  ,  Photo Restoration  ,1
Websites IT & Software  ,  Learning Management Systems LMS  ,0
Websites IT & Software  ,  Haskell  ,18
Websites IT & Software  ,  LESS/Sass/SCSS  ,0
Websites IT & Software  ,  Link Building  ,0
Websites IT & Software  ,  Linkedin  ,0
Websites IT & Software  ,  LINQ  ,0
Websites IT & Software  ,  Linux  ,0
Websites IT & Software  ,  Lisp  ,0
Websites IT & Software  ,  LiveCode  ,0
Websites IT & Software  ,  Lotus Notes  ,0
Websites IT & Software  ,  Lua  ,0
Websites IT & Software  ,  Lucene  ,0
Websites IT & Software  ,  Mac OS  ,0
Websites IT & Software  ,  Magento  ,0
Websites IT & Software  ,  Magic Leap  ,0
Websites IT & Software  ,  Map Reduce  ,0
Websites IT & Software  ,  MapKit  ,0
Websites IT & Software  ,  MariaDB  ,0
Websites IT & Software  ,  UML Design  ,38
Websites IT & Software  ,  Metatrader  ,0
Websites IT & Software  ,  MeteorJS  ,0
Websites IT & Software  ,  Vuforia  ,42
Websites IT & Software  ,  Microsoft  ,0
Websites IT & Software  ,  Adobe Captivate  ,37
Websites IT & Software  ,  Microsoft Access  ,0
Websites IT & Software  ,  Blog Writing  ,10
Websites IT & Software  ,  Microsoft Exchange  ,0
Websites IT & Software  ,  Helpdesk  ,1
Websites IT & Software  ,  Microsoft Expression  ,0
Websites IT & Software  ,  Microsoft Hololens  ,0
Websites IT & Software  ,  webMethods  ,40
Websites IT & Software  ,  Microsoft SQL Server  ,0
Websites IT & Software  ,  Social Media Management  ,3
Websites IT & Software  ,  Microsoft Visio  ,0
Websites IT & Software  ,  Minitab  ,0
Websites IT & Software  ,  MMORPG  ,0
Websites IT & Software  ,  Eclipse  ,25
Websites IT & Software  ,  Mobile App Testing  ,0
Websites IT & Software  ,  MODx  ,0
Websites IT & Software  ,  MonetDB  ,0
Websites IT & Software  ,  Moodle  ,0
Websites IT & Software  ,  Moz  ,0
Websites IT & Software  ,  MQTT  ,0
Websites IT & Software  ,  MVC  ,0
Websites IT & Software  ,  MySpace  ,0
Websites IT & Software  ,  MySQL  ,0
Websites IT & Software  ,  Netbeans  ,0
Websites IT & Software  ,  Virtuemart  ,73
Websites IT & Software  ,  Network Administration  ,0
Websites IT & Software  ,  Nginx  ,0
Websites IT & Software  ,  Ning  ,0
Websites IT & Software  ,  node.js  ,0
Websites IT & Software  ,  Growth Hacking  ,33
Websites IT & Software  ,  NoSQL Couch & Mongo  ,0
Websites IT & Software  ,  OAuth  ,0
Websites IT & Software  ,  Invitation Design  ,3
Websites IT & Software  ,  Object Oriented Programming OOP  ,0
Websites IT & Software  ,  Ember.js  ,79
Websites IT & Software  ,  Objective C  ,0
Websites IT & Software  ,  OCR  ,0
Websites IT & Software  ,  Oculus Mobile SDK  ,0
Websites IT & Software  ,  Oculus Rift  ,0
Websites IT & Software  ,  Odoo  ,0
Websites IT & Software  ,  Web Development  ,56
Websites IT & Software  ,  Open Cart  ,0
Websites IT & Software  ,  Open Journal Systems  ,0
Websites IT & Software  ,  Video Services  ,2
Websites IT & Software  ,  OpenBravo  ,0
Websites IT & Software  ,  OpenCL  ,0
Websites IT & Software  ,  OpenCV  ,0
Websites IT & Software  ,  OpenGL  ,0
Websites IT & Software  ,  OpenSceneGraph  ,0
Websites IT & Software  ,  OpenSSL  ,0
Websites IT & Software  ,  Microbiology  ,1
Websites IT & Software  ,  OpenStack  ,0
Websites IT & Software  ,  OpenVMS  ,0
Websites IT & Software  ,  OpenVPN  ,0
Websites IT & Software  ,  OpenVZ  ,0
Websites IT & Software  ,  Oracle  ,0
Websites IT & Software  ,  Music  ,16
Websites IT & Software  ,  OSCommerce  ,0
Websites IT & Software  ,  Papiamento  ,0
Websites IT & Software  ,  Parallax Scrolling  ,0
Websites IT & Software  ,  Parallel Processing  ,0
Websites IT & Software  ,  Parallels Automation  ,0
Websites IT & Software  ,  Parallels Desktop  ,0
Websites IT & Software  ,  Pascal  ,0
Websites IT & Software  ,  Article Submission  ,1
Websites IT & Software  ,  Pattern Matching  ,0
Websites IT & Software  ,  Boonex Dolphin  ,5
Websites IT & Software  ,  Payment Gateway Integration  ,0
Websites IT & Software  ,  GIMP  ,25
Websites IT & Software  ,  PayPal API  ,0
Websites IT & Software  ,  Paytrace  ,0
Websites IT & Software  ,  PEGA PRPC  ,0
Websites IT & Software  ,  PencilBlue CMS  ,0
Websites IT & Software  ,  Penetration Testing  ,0
Websites IT & Software  ,  Pentaho  ,0
Websites IT & Software  ,  Perl  ,0
Websites IT & Software  ,  PhoneGap  ,0
Websites IT & Software  ,  Autodesk Revit  ,13
Websites IT & Software  ,  Photoshop Coding  ,0
Websites IT & Software  ,  PHP  ,0
Websites IT & Software  ,  phpFox  ,0
Websites IT & Software  ,  Videography  ,6
Websites IT & Software  ,  phpMyAdmin  ,0
Websites IT & Software  ,  PhpNuke  ,0
Websites IT & Software  ,  PICK Multivalue DB  ,0
Websites IT & Software  ,  Chordiant  ,35
Websites IT & Software  ,  Pinterest  ,0
Websites IT & Software  ,  Plesk  ,0
Websites IT & Software  ,  Plugin  ,0
Websites IT & Software  ,  Web Scraping  ,22
Websites IT & Software  ,  PostgreSQL  ,0
Websites IT & Software  ,  Powerpoint  ,5
Websites IT & Software  ,  Powershell  ,0
Websites IT & Software  ,  DotNetNuke  ,58
Websites IT & Software  ,  Prestashop  ,0
Websites IT & Software  ,  Fortran  ,223
Websites IT & Software  ,  Programming  ,0
Websites IT & Software  ,  Prolog  ,0
Websites IT & Software  ,  Protoshare  ,0
Websites IT & Software  ,  Puppet  ,0
Websites IT & Software  ,  Push Notification  ,0
Websites IT & Software  ,  Python  ,0
Websites IT & Software  ,  QlikView  ,0
Websites IT & Software  ,  Qt  ,0
Websites IT & Software  ,  Qualtrics Survey Platform  ,0
Websites IT & Software  ,  QuickBase  ,0
Websites IT & Software  ,  Appcelerator Titanium  ,13
Websites IT & Software  ,  R Programming Language  ,0
Websites IT & Software  ,  Racket  ,0
Websites IT & Software  ,  RapidWeaver  ,0
Websites IT & Software  ,  Database Administration  ,24
Websites IT & Software  ,  Raspberry Pi  ,0
Websites IT & Software  ,  Varnish Cache  ,1
Websites IT & Software  ,  Ray-tracing  ,0
Websites IT & Software  ,  React.js  ,0
Websites IT & Software  ,  REALbasic  ,0
Websites IT & Software  ,  Red Hat  ,0
Websites IT & Software  ,  Redis  ,0
Websites IT & Software  ,  Redshift  ,0
Websites IT & Software  ,  Maya  ,5
Websites IT & Software  ,  Regular Expressions  ,0
Websites IT & Software  ,  RESTful  ,0
Websites IT & Software  ,  Rocket Engine  ,0
Websites IT & Software  ,  RSS  ,0
Websites IT & Software  ,  Ruby  ,0
Websites IT & Software  ,  Ruby on Rails  ,0
Websites IT & Software  ,  Sails.js  ,0
Websites IT & Software  ,  Covers & Packaging  ,3
Websites IT & Software  ,  Salesforce App Development  ,0
Websites IT & Software  ,  Samsung Accessory SDK  ,0
Websites IT & Software  ,  SAP  ,0
Websites IT & Software  ,  Scala  ,0
Websites IT & Software  ,  Scheme  ,0
Websites IT & Software  ,  Scikit Learn  ,0
Websites IT & Software  ,  Scrapy  ,0
Websites IT & Software  ,  Samsung  ,38
Websites IT & Software  ,  Script Install  ,0
Websites IT & Software  ,  Flex  ,5
Websites IT & Software  ,  Scripting  ,0
Websites IT & Software  ,  Scrum  ,0
Websites IT & Software  ,  Scrum Development  ,0
Websites IT & Software  ,  Selenium Webdriver  ,0
Websites IT & Software  ,  Sencha / YahooUI  ,0
Websites IT & Software  ,  SEO  ,0
Websites IT & Software  ,  SEO Auditing  ,0
Websites IT & Software  ,  Instagram API  ,38
Websites IT & Software  ,  Sharepoint  ,0
Websites IT & Software  ,  Virtual Worlds  ,45
Websites IT & Software  ,  Shell Script  ,0
Websites IT & Software  ,  Shopify  ,0
Websites IT & Software  ,  Google Chrome  ,99
Websites IT & Software  ,  Shopping Carts  ,0
Websites IT & Software  ,  Siebel  ,0
Websites IT & Software  ,  Silverlight  ,0
Websites IT & Software  ,  Autodesk Inventor  ,3
Websites IT & Software  ,  Sketching  ,0
Websites IT & Software  ,  Research Writing  ,13
Websites IT & Software  ,  Smarty PHP  ,0
Websites IT & Software  ,  Snapchat  ,0
Websites IT & Software  ,  Chrome OS  ,4
Websites IT & Software  ,  Social Engine  ,0
Websites IT & Software  ,  Design  ,4
Websites IT & Software  ,  Social Media Management  ,0
Websites IT & Software  ,  Cinematography  ,68
Websites IT & Software  ,  Social Networking  ,0
Websites IT & Software  ,  Motion Graphics  ,4
Websites IT & Software  ,  Socket IO  ,0
Websites IT & Software  ,  Bitcoin  ,663
Websites IT & Software  ,  Software Architecture  ,0
Websites IT & Software  ,  edX  ,124
Websites IT & Software  ,  Software Development  ,0
Websites IT & Software  ,  Silverlight  ,59
Websites IT & Software  ,  Software Testing  ,0
Websites IT & Software  ,  Solaris  ,0
Websites IT & Software  ,  Spark  ,0
Websites IT & Software  ,  Sphinx  ,0
Websites IT & Software  ,  Splunk  ,0
Websites IT & Software  ,  DataLife Engine  ,19
Websites IT & Software  ,  SPSS Statistics  ,0
Websites IT & Software  ,  SQL  ,0
Websites IT & Software  ,  SQLite  ,0
Websites IT & Software  ,  Squarespace  ,0
Websites IT & Software  ,  Squid Cache  ,0
Websites IT & Software  ,  SSIS SQL Server Integration Services  ,0
Websites IT & Software  ,  Building Architecture  ,4
Websites IT & Software  ,  Steam API  ,0
Websites IT & Software  ,  Storage Area Networks  ,0
Websites IT & Software  ,  Stripe  ,0
Websites IT & Software  ,  Subversion  ,0
Websites IT & Software  ,  SugarCRM  ,0
Websites IT & Software  ,  SVG  ,0
Websites IT & Software  ,  Swift  ,0
Websites IT & Software  ,  Swing Java  ,0
Websites IT & Software  ,  Advertisement Design  ,10
Websites IT & Software  ,  Symfony PHP  ,0
Websites IT & Software  ,  Virtuozzo  ,114
Websites IT & Software  ,  System Admin  ,0
Websites IT & Software  ,  T-SQL Transact Structures Query Language  ,0
Websites IT & Software  ,  Tableau  ,0
Websites IT & Software  ,  Tally Definition Language  ,0
Websites IT & Software  ,  Mathematics  ,1
Websites IT & Software  ,  TaoBao API  ,0
Websites IT & Software  ,  TestStand  ,0
Websites IT & Software  ,  Tibco Spotfire  ,0
Websites IT & Software  ,  Titanium  ,0
Websites IT & Software  ,  Tizen SDK for Wearables  ,0
Websites IT & Software  ,  Tumblr  ,0
Websites IT & Software  ,  Twitter  ,0
Websites IT & Software  ,  Data Entry  ,1
Websites IT & Software  ,  Twitter API  ,0
Websites IT & Software  ,  Windows API  ,3
Websites IT & Software  ,  Typescript  ,0
Websites IT & Software  ,  Typing  ,0
Websites IT & Software  ,  TYPO  ,0
Websites IT & Software  ,  Ubuntu  ,0
Websites IT & Software  ,  Umbraco  ,0
Websites IT & Software  ,  Web Security  ,7
Websites IT & Software  ,  UML Design  ,0
Websites IT & Software  ,  Underscore.js  ,0
Websites IT & Software  ,  Unity D  ,0
Websites IT & Software  ,  UNIX  ,0
Websites IT & Software  ,  Apple Watch  ,9
Websites IT & Software  ,  Usability Testing  ,0
Websites IT & Software  ,  CV Library  ,110
Websites IT & Software  ,  User Interface / IA  ,0
Websites IT & Software  ,  Varnish Cache  ,0
Websites IT & Software  ,  VB.NET  ,0
Websites IT & Software  ,  VBScript  ,0
Websites IT & Software  ,  vBulletin  ,0
Websites IT & Software  ,  Veeam  ,0
Websites IT & Software  ,  VertexFX  ,0
Websites IT & Software  ,  Vim  ,0
Websites IT & Software  ,  Virtual Machines  ,0
Websites IT & Software  ,  Virtual Worlds  ,0
Websites IT & Software  ,  Virtuemart  ,0
Websites IT & Software  ,  Virtuozzo  ,0
Websites IT & Software  ,  Visual Basic  ,0
Websites IT & Software  ,  Website Management  ,13
Websites IT & Software  ,  Visual Basic for Apps  ,0
Websites IT & Software  ,  Visual Foxpro  ,0
Websites IT & Software  ,  Visualization  ,0
Websites IT & Software  ,  VMware  ,0
Websites IT & Software  ,  VoiceXML  ,0
Websites IT & Software  ,  VoIP  ,0
Websites IT & Software  ,  Volusion  ,0
Websites IT & Software  ,  VPS  ,0
Websites IT & Software  ,  vTiger  ,0
Websites IT & Software  ,  Vue.js  ,0
Websites IT & Software  ,  Vuforia  ,0
Websites IT & Software  ,  WatchKit  ,0
Websites IT & Software  ,  Materials Engineering  ,1
Websites IT & Software  ,  Web Crawling  ,0
Websites IT & Software  ,  Google Cloud Storage  ,32
Websites IT & Software  ,  Web Development  ,0
Websites IT & Software  ,  Symbian  ,63
Websites IT & Software  ,  Web Hosting  ,0
Websites IT & Software  ,  Google Analytics  ,296
Websites IT & Software  ,  Web Scraping  ,0
Websites IT & Software  ,  Web Security  ,0
Websites IT & Software  ,  BSD  ,31
Websites IT & Software  ,  Web Services  ,0
Websites IT & Software  ,  Linear Programming  ,1
Websites IT & Software  ,  webMethods  ,0
Websites IT & Software  ,  Matlab and Mathematica  ,1
Websites IT & Software  ,  Website Analytics  ,0
Websites IT & Software  ,  Lisp  ,50
Websites IT & Software  ,  Website Management  ,0
Websites IT & Software  ,  Smarty PHP  ,64
Websites IT & Software  ,  Website Testing  ,0
Websites IT & Software  ,  Weebly  ,0
Websites IT & Software  ,  WHMCS  ,0
Websites IT & Software  ,  Windows   ,0
Websites IT & Software  ,  Unity D  ,13
Websites IT & Software  ,  Windows API  ,0
Websites IT & Software  ,  Biztalk  ,80
Websites IT & Software  ,  Windows Desktop  ,0
Websites IT & Software  ,  PencilBlue CMS  ,48
Websites IT & Software  ,  Windows Server  ,0
Websites IT & Software  ,  Wix  ,0
Websites IT & Software  ,  Graphics Programming  ,982
Websites IT & Software  ,  WordPress  ,0
Websites IT & Software  ,  WPF  ,0
Websites IT & Software  ,  Wufoo  ,0
Websites IT & Software  ,  x/x Assembler  ,0
Websites IT & Software  ,  Xamarin  ,0
Websites IT & Software  ,  XAML  ,0
Websites IT & Software  ,  XHTML  ,0
Websites IT & Software  ,  XML  ,0
Websites IT & Software  ,  XMPP  ,0
Websites IT & Software  ,  Xojo  ,0
Websites IT & Software  ,  Xoops  ,0
Websites IT & Software  ,  XPages  ,0
Websites IT & Software  ,  xpath  ,0
Websites IT & Software  ,  XQuery  ,0
Websites IT & Software  ,  XSLT  ,0
Websites IT & Software  ,  XSS Cross-site scripting  ,0
Websites IT & Software  ,  Yarn  ,0
Websites IT & Software  ,  Yii  ,0
Websites IT & Software  ,  YouTube  ,0
Websites IT & Software  ,  Zen Cart  ,0
Websites IT & Software  ,  Zend  ,0
Websites IT & Software  ,  Zendesk  ,0
Websites IT & Software  ,  Zoho  ,0
Mobile Phones & Computing ,  Video Editing  ,2
Mobile Phones & Computing ,  Amazon Fire  ,0
Mobile Phones & Computing ,  Sencha / YahooUI  ,3
Mobile Phones & Computing ,  Amazon Kindle  ,0
Mobile Phones & Computing ,  Android  ,0
Mobile Phones & Computing ,  Appcelerator Titanium  ,0
Mobile Phones & Computing ,  Illustration  ,6
Mobile Phones & Computing ,  Apple Watch  ,0
Mobile Phones & Computing ,  Concept Design  ,8
Mobile Phones & Computing ,  Blackberry  ,0
Mobile Phones & Computing ,  Google Plus  ,10
Mobile Phones & Computing ,  Geolocation  ,0
Mobile Phones & Computing ,  iPad  ,0
Mobile Phones & Computing ,  iPhone  ,0
Mobile Phones & Computing ,  JME  ,0
Mobile Phones & Computing ,  Kotlin  ,0
Mobile Phones & Computing ,  Metro  ,0
Mobile Phones & Computing ,  Embedded Software  ,595
Mobile Phones & Computing ,  Mobile App Development  ,0
Mobile Phones & Computing ,  Nokia  ,0
Mobile Phones & Computing ,  Palm  ,0
Mobile Phones & Computing ,  Samsung  ,0
Mobile Phones & Computing ,  Symbian  ,0
Mobile Phones & Computing ,  Virtualization  ,0
Mobile Phones & Computing ,  WebOS  ,0
Mobile Phones & Computing ,  Windows CE  ,0
Mobile Phones & Computing ,  Interior Design  ,16
Mobile Phones & Computing ,  Windows Mobile  ,0
Mobile Phones & Computing ,  Vehicle Signage  ,11
Mobile Phones & Computing ,  Windows Phone  ,0
Writing & Content ,  Adobe Freehand  ,31
Writing & Content ,  Academic Writing  ,0
Writing & Content ,  Apple iBooks Author  ,0
Writing & Content ,  iOS Development  ,207
Writing & Content ,  Article Rewriting  ,0
Writing & Content ,  Jinja  ,550
Writing & Content ,  Article Writing  ,0
Writing & Content ,  Blog  ,0
Writing & Content ,  Knockout.js  ,14
Writing & Content ,  Blog Writing  ,0
Writing & Content ,  JEE  ,40
Writing & Content ,  Book Writing  ,0
Writing & Content ,  Business Writing  ,0
Writing & Content ,  XSS Cross-site scripting  ,14
Writing & Content ,  Cartography & Maps  ,0
Writing & Content ,  MySpace  ,10
Writing & Content ,  Catch Phrases  ,0
Writing & Content ,  Communications  ,0
Writing & Content ,  Symfony PHP  ,1
Writing & Content ,  Content Strategy  ,0
Writing & Content ,  Joomla  ,326
Writing & Content ,  Content Writing  ,0
Writing & Content ,  Map Reduce  ,2
Writing & Content ,  Copy Editing  ,0
Writing & Content ,  Cassandra  ,91
Writing & Content ,  Copy Typing  ,0
Writing & Content ,  jqGrid  ,332
Writing & Content ,  Copywriting  ,0
Writing & Content ,  Lucene  ,52
Writing & Content ,  Creative Writing  ,0
Writing & Content ,  eBooks  ,0
Writing & Content ,  Editing  ,0
Writing & Content ,  T-SQL Transact Structures Query Language  ,2
Writing & Content ,  Editorial Writing  ,0
Writing & Content ,  Linkedin  ,9
Writing & Content ,  Essay Writing  ,0
Writing & Content ,  Fiction  ,0
Writing & Content ,  Alibaba  ,20
Writing & Content ,  Financial Research  ,0
Writing & Content ,  Forum Posting  ,0
Writing & Content ,  jQuery / Prototype  ,241
Writing & Content ,  Ghostwriting  ,0
Writing & Content ,  Grant Writing  ,0
Writing & Content ,  LaTeX  ,0
Writing & Content ,  JavaFX  ,22
Writing & Content ,  Medical Writing  ,0
Writing & Content ,  Business Writing  ,4
Writing & Content ,  Newsletters  ,0
Writing & Content ,  Network Administration  ,10
Writing & Content ,  Online Writing  ,0
Writing & Content ,  PDF  ,0
Writing & Content ,  Poetry  ,0
Writing & Content ,  ARCore  ,75
Writing & Content ,  Powerpoint  ,0
Writing & Content ,  Metatrader  ,17
Writing & Content ,  Press Releases  ,0
Writing & Content ,  Lua  ,58
Writing & Content ,  Product Descriptions  ,0
Writing & Content ,  Apache  ,176
Writing & Content ,  Proofreading  ,0
Writing & Content ,  Netbeans  ,6
Writing & Content ,  Proposal/Bid Writing  ,0
Writing & Content ,  Publishing  ,0
Writing & Content ,  D  ,189
Writing & Content ,  Report Writing  ,0
Writing & Content ,  Research  ,0
Writing & Content , .NET ,354
Writing & Content ,  Research Writing  ,0
Writing & Content ,  Resumes  ,0
Writing & Content ,  Reviews  ,0
Writing & Content ,  eBooks  ,5
Writing & Content ,  Screenwriting  ,0
Writing & Content ,  Microsoft Hololens  ,7
Writing & Content ,  SEO Writing  ,0
Writing & Content ,  Microsoft  ,12
Writing & Content ,  Short Stories  ,0
Writing & Content ,  Slogans  ,0
Writing & Content ,  Julia Language  ,8
Writing & Content ,  Speech Writing  ,0
Writing & Content ,  AMQP  ,191
Writing & Content ,  Technical Writing  ,0
Writing & Content ,  MariaDB  ,374
Writing & Content ,  Translation  ,0
Writing & Content ,  Java  ,5
Writing & Content ,  Travel Writing  ,0
Writing & Content ,  WIKI  ,0
Writing & Content ,  OAuth  ,5
Writing & Content ,  Wikipedia  ,0
Writing & Content ,  Java ME  ,9
Writing & Content ,  Word Processing  ,0
Writing & Content ,  Writing  ,0
Design Media & Architecture ,  D Animation  ,0
Design Media & Architecture ,  -degree video  ,0
Design Media & Architecture ,  D Animation  ,0
Design Media & Architecture ,  D Design  ,0
Design Media & Architecture ,  D Model Maker  ,0
Design Media & Architecture ,  D Modelling  ,0
Design Media & Architecture ,  D Rendering  ,0
Design Media & Architecture ,  ds Max  ,0
Design Media & Architecture ,  Windows   ,17
Design Media & Architecture ,  ActionScript  ,0
Design Media & Architecture ,  Mobile App Development  ,5
Design Media & Architecture ,  Adobe Dreamweaver  ,0
Design Media & Architecture ,  Nokia  ,1
Design Media & Architecture ,  Adobe Fireworks  ,0
Design Media & Architecture ,  HTC Vive  ,67
Design Media & Architecture ,  Adobe Flash  ,0
Design Media & Architecture ,  Scala  ,45
Design Media & Architecture ,  Adobe InDesign  ,0
Design Media & Architecture ,  Banner Design  ,8
Design Media & Architecture ,  Adobe Lightroom  ,0
Design Media & Architecture ,  Adobe LiveCycle Designer  ,0
Design Media & Architecture ,  Camtasia  ,28
Design Media & Architecture ,  Advertisement Design  ,0
Design Media & Architecture ,  Cocoa  ,99
Design Media & Architecture ,  After Effects  ,0
Design Media & Architecture ,  HBase  ,118
Design Media & Architecture ,  Animation  ,0
Design Media & Architecture ,  IIS  ,39
Design Media & Architecture ,  App Designer  ,0
Design Media & Architecture ,  Apple Compressor  ,0
Design Media & Architecture ,  Apple Logic Pro  ,0
Design Media & Architecture ,  Apple Motion  ,0
Design Media & Architecture ,  MeteorJS  ,20
Design Media & Architecture ,  Arts & Crafts  ,0
Design Media & Architecture ,  Audio Production  ,0
Design Media & Architecture ,  Audio Services  ,0
Design Media & Architecture ,  Autodesk Inventor  ,0
Design Media & Architecture ,  Autodesk Revit  ,0
Design Media & Architecture ,  Autodesk Sketchbook Pro  ,0
Design Media & Architecture ,  Axure  ,0
Design Media & Architecture ,  Salesforce App Development  ,155
Design Media & Architecture ,  Banner Design  ,0
Design Media & Architecture ,  Bootstrap  ,5
Design Media & Architecture ,  Blog Design  ,0
Design Media & Architecture ,  Script Install  ,15
Design Media & Architecture ,  Book Artist  ,0
Design Media & Architecture ,  Grease Monkey  ,87
Design Media & Architecture ,  Bootstrap  ,0
Design Media & Architecture ,  Brochure Design  ,0
Design Media & Architecture ,  Building Architecture  ,0
Design Media & Architecture ,  D Animation  ,8
Design Media & Architecture ,  Business Card Design  ,0
Design Media & Architecture ,  Business Cards  ,0
Design Media & Architecture ,  Capture NX  ,0
Design Media & Architecture ,  Heroku  ,68
Design Media & Architecture ,  Caricature & Cartoons  ,0
Design Media & Architecture ,  CGI  ,0
Design Media & Architecture ,  Cinema D  ,0
Design Media & Architecture ,  Commercials  ,0
Design Media & Architecture ,  Adobe Lightroom  ,9
Design Media & Architecture ,  Concept Art  ,0
Design Media & Architecture ,  Push Notification  ,13
Design Media & Architecture ,  Concept Design  ,0
Design Media & Architecture ,  Corel Painter  ,0
Design Media & Architecture ,  Moodle  ,55
Design Media & Architecture ,  Corporate Identity  ,0
Design Media & Architecture ,  Umbraco  ,33
Design Media & Architecture ,  Covers & Packaging  ,0
Design Media & Architecture ,  Scikit Learn  ,28
Design Media & Architecture ,  Creative Design  ,0
Design Media & Architecture ,  CSS  ,0
Design Media & Architecture ,  Design  ,0
Design Media & Architecture ,  Procurement  ,1
Design Media & Architecture ,  eLearning Designer  ,0
Design Media & Architecture ,  Ubuntu  ,21
Design Media & Architecture ,  Fashion Design  ,0
Design Media & Architecture ,  Resumes  ,8
Design Media & Architecture ,  Fashion Modeling  ,0
Design Media & Architecture ,  Filmmaking  ,0
Design Media & Architecture ,  Final Cut Pro  ,0
Design Media & Architecture ,  Finale / Sibelius  ,0
Design Media & Architecture ,  Flash D  ,0
Design Media & Architecture ,  Website Testing  ,4
Design Media & Architecture ,  Flash Animation  ,0
Design Media & Architecture ,  Flex  ,0
Design Media & Architecture ,  vTiger  ,1
Design Media & Architecture ,  Flow Charts  ,0
Design Media & Architecture ,  Samsung Accessory SDK  ,61
Design Media & Architecture ,  Flyer Design  ,0
Design Media & Architecture ,  Format & Layout  ,0
Design Media & Architecture ,  Furniture Design  ,0
Design Media & Architecture ,  GarageBand  ,0
Design Media & Architecture ,  RapidWeaver  ,38
Design Media & Architecture ,  Google SketchUp  ,0
Design Media & Architecture ,  C++ Programming  ,2144
Design Media & Architecture ,  Graphic Design  ,0
Design Media & Architecture ,  Wikipedia  ,36
Design Media & Architecture ,  Icon Design  ,0
Design Media & Architecture ,  Illustration  ,0
Design Media & Architecture ,  Illustrator  ,0
Design Media & Architecture ,  Copy Typing  ,5
Design Media & Architecture ,  Image Processing  ,0
Design Media & Architecture ,  iMovie  ,0
Design Media & Architecture ,  Industrial Design  ,0
Design Media & Architecture ,  Computer Graphics  ,13
Design Media & Architecture ,  Infographics  ,0
Design Media & Architecture ,  Commercials  ,5
Design Media & Architecture ,  Instagram Marketing  ,0
Design Media & Architecture ,  Prestashop  ,78
Design Media & Architecture ,  Interior Design  ,0
Design Media & Architecture ,  D Modelling  ,6
Design Media & Architecture ,  Invitation Design  ,0
Design Media & Architecture ,  JDF  ,0
Design Media & Architecture ,  Kinetic Typography  ,0
Design Media & Architecture ,  Fiction  ,9
Design Media & Architecture ,  Label Design  ,0
Design Media & Architecture ,  Wix  ,9
Design Media & Architecture ,  Landing Pages  ,0
Design Media & Architecture ,  Publishing  ,776
Design Media & Architecture ,  Logo Design  ,0
Design Media & Architecture ,  Makerbot  ,0
Design Media & Architecture ,  Maya  ,0
Design Media & Architecture ,  Computer Science  ,17
Design Media & Architecture ,  Motion Graphics  ,0
Design Media & Architecture ,  Music  ,0
Design Media & Architecture ,  React.js  ,18
Design Media & Architecture ,  Package Design  ,0
Design Media & Architecture ,  cURL  ,171
Design Media & Architecture ,  Photo Editing  ,0
Design Media & Architecture ,  Photo Restoration  ,0
Design Media & Architecture ,  Photo Retouching  ,0
Design Media & Architecture ,  TaoBao API  ,60
Design Media & Architecture ,  Photography  ,0
Design Media & Architecture ,  Open Cart  ,877
Design Media & Architecture ,  Photoshop  ,0
Design Media & Architecture ,  Open Journal Systems  ,217
Design Media & Architecture ,  Photoshop Design  ,0
Design Media & Architecture ,  Post-Production  ,0
Design Media & Architecture ,  Codeigniter  ,41
Design Media & Architecture ,  Poster Design  ,0
Design Media & Architecture ,  Pre-production  ,0
Design Media & Architecture ,  Coding  ,23
Design Media & Architecture ,  Presentations  ,0
Design Media & Architecture ,  Prezi  ,0
Design Media & Architecture ,  Print  ,0
Design Media & Architecture ,  WatchKit  ,163
Design Media & Architecture ,  PSD to HTML  ,0
Design Media & Architecture ,  PSDCMS  ,0
Design Media & Architecture ,  QuarkXPress  ,0
Design Media & Architecture ,  RWD  ,0
Design Media & Architecture ,  Axure  ,21
Design Media & Architecture ,  Shopify Templates  ,0
Design Media & Architecture ,  Print  ,1
Design Media & Architecture ,  Sign Design  ,0
Design Media & Architecture ,  Sound Design  ,0
Design Media & Architecture ,  Adobe Fireworks  ,15
Design Media & Architecture ,  Stationery Design  ,0
Design Media & Architecture ,  Animation  ,10
Design Media & Architecture ,  Sticker Design  ,0
Design Media & Architecture ,  Flash D  ,2
Design Media & Architecture ,  Storyboard  ,0
Design Media & Architecture ,  T-Shirts  ,0
Design Media & Architecture ,  Spark  ,8
Design Media & Architecture ,  Tattoo Design  ,0
Design Media & Architecture ,  Tekla Structures  ,0
Design Media & Architecture ,  Sketching  ,21
Design Media & Architecture ,  Templates  ,0
Design Media & Architecture ,  Adobe LiveCycle Designer  ,19
Design Media & Architecture ,  Typography  ,0
Design Media & Architecture ,  Metro  ,27
Design Media & Architecture ,  User Experience Design  ,0
Design Media & Architecture ,  Instagram  ,19
Design Media & Architecture ,  User Interface Design  ,0
Design Media & Architecture ,  Game Consoles  ,19
Design Media & Architecture ,  Vectorization  ,0
Design Media & Architecture ,  Word Processing  ,1
Design Media & Architecture ,  Vehicle Signage  ,0
Design Media & Architecture ,  ActionScript  ,7
Design Media & Architecture ,  Video Broadcasting  ,0
Design Media & Architecture ,  Game Design  ,117
Design Media & Architecture ,  Video Editing  ,0
Design Media & Architecture ,  Video Production  ,0
Design Media & Architecture ,  Catch Phrases  ,171
Design Media & Architecture ,  Video Services  ,0
Design Media & Architecture ,  Corel Painter  ,45
Design Media & Architecture ,  Videography  ,0
Design Media & Architecture ,  VideoScribe  ,0
Design Media & Architecture ,  Visual Arts  ,0
Design Media & Architecture ,  phpMyAdmin  ,96
Design Media & Architecture ,  Voice Talent  ,0
Design Media & Architecture ,  Call Control XML  ,1758
Design Media & Architecture ,  Website Design  ,0
Design Media & Architecture ,  Typography  ,2
Design Media & Architecture ,  Wireframes  ,0
Design Media & Architecture ,  Word  ,0
Design Media & Architecture ,  Yahoo! Store Design  ,0
Design Media & Architecture ,  Zbrush  ,0
Data Entry & Admin ,  Article Submission  ,0
Data Entry & Admin ,  ASP.NET  ,9
Data Entry & Admin ,  Bookkeeping  ,0
Data Entry & Admin ,  BPO  ,0
Data Entry & Admin ,  Software Testing  ,6
Data Entry & Admin ,  Call Center  ,0
Data Entry & Admin ,  Customer Service  ,0
Data Entry & Admin ,  Customer Support  ,0
Data Entry & Admin ,  XML  ,5
Data Entry & Admin ,  Data Analytics  ,0
Data Entry & Admin ,  Data Cleansing  ,0
Data Entry & Admin ,  Google Website Optimizer  ,617
Data Entry & Admin ,  Data Entry  ,0
Data Entry & Admin ,  XMPP  ,6
Data Entry & Admin ,  Data Extraction  ,0
Data Entry & Admin ,  GoPro  ,249
Data Entry & Admin ,  Data Processing  ,0
Data Entry & Admin ,  XHTML  ,10
Data Entry & Admin ,  Data Scraping  ,0
Data Entry & Admin ,  Desktop Support  ,0
Data Entry & Admin ,  Sharepoint  ,25
Data Entry & Admin ,  Email Handling  ,0
Data Entry & Admin ,  ePub  ,0
Data Entry & Admin ,  Excel  ,0
Data Entry & Admin ,  OCR  ,11
Data Entry & Admin ,  Excel Macros  ,0
Data Entry & Admin ,  Oculus Mobile SDK  ,12
Data Entry & Admin ,  Excel VBA  ,0
Data Entry & Admin ,  Proofreading  ,6
Data Entry & Admin ,  General Office  ,0
Data Entry & Admin ,  Helpdesk  ,0
Data Entry & Admin ,  Typing  ,2
Data Entry & Admin ,  Investment Research  ,0
Data Entry & Admin ,  Yii  ,62
Data Entry & Admin ,  Microsoft Office  ,0
Data Entry & Admin ,  Microsoft Outlook  ,0
Data Entry & Admin ,  Google Web Toolkit  ,3
Data Entry & Admin ,  Order Processing  ,0
Data Entry & Admin ,  Phone Support  ,0
Data Entry & Admin ,  Procurement  ,0
Data Entry & Admin ,  Qualitative Research  ,0
Data Entry & Admin ,  Technical Support  ,0
Data Entry & Admin ,  Financial Research  ,5
Data Entry & Admin ,  Telephone Handling  ,0
Data Entry & Admin ,  Objective C  ,9
Data Entry & Admin ,  Time Management  ,0
Data Entry & Admin ,  Full Stack Development  ,67
Data Entry & Admin ,  Transcription  ,0
Data Entry & Admin ,  Cloud Computing  ,27
Data Entry & Admin ,  Video Upload  ,0
Data Entry & Admin ,  Virtual Assistant  ,0
Data Entry & Admin ,  Google App Engine  ,290
Data Entry & Admin ,  Web Search  ,0
Engineering & Science ,  Copy Editing  ,1
Engineering & Science ,  Aeronautical Engineering  ,0
Engineering & Science ,  Vim  ,9
Engineering & Science ,  Aerospace Engineering  ,0
Engineering & Science ,  Agronomy  ,0
Engineering & Science ,  CubeCart  ,55
Engineering & Science ,  Algorithm  ,0
Engineering & Science ,  Arduino  ,0
Engineering & Science ,  Astrophysics  ,0
Engineering & Science ,  AutoCAD  ,0
Engineering & Science ,  Biology  ,0
Engineering & Science ,  -degree video  ,1
Engineering & Science ,  Biotechnology  ,0
Engineering & Science ,  Broadcast Engineering  ,0
Engineering & Science ,  CAD/CAM  ,0
Engineering & Science ,  CATIA  ,0
Engineering & Science ,  Sphinx  ,20
Engineering & Science ,  Chemical Engineering  ,0
Engineering & Science ,  Circuit Design  ,0
Engineering & Science ,  OpenGL  ,25
Engineering & Science ,  Civil Engineering  ,0
Engineering & Science ,  Clean Technology  ,0
Engineering & Science ,  Climate Sciences  ,0
Engineering & Science ,  Swing Java  ,2
Engineering & Science ,  Construction Monitoring  ,0
Engineering & Science ,  CUDA  ,9
Engineering & Science ,  Cryptography  ,0
Engineering & Science ,  XQuery  ,87
Engineering & Science ,  Data Mining  ,0
Engineering & Science ,  MMORPG  ,4
Engineering & Science ,  Data Science  ,0
Engineering & Science ,  Article Rewriting  ,9
Engineering & Science ,  Digital Design  ,0
Engineering & Science ,  Drones  ,0
Engineering & Science ,  ADO.NET  ,91
Engineering & Science ,  Electrical Engineering  ,0
Engineering & Science ,  Qualtrics Survey Platform  ,85
Engineering & Science ,  Electronics  ,0
Engineering & Science ,  Asana  ,154
Engineering & Science ,  Engineering  ,0
Engineering & Science ,  Prolog  ,10
Engineering & Science ,  Engineering Drawing  ,0
Engineering & Science ,  SQLite  ,19
Engineering & Science ,  Finite Element Analysis  ,0
Engineering & Science ,  FPGA  ,0
Engineering & Science ,  Genetic Engineering  ,0
Engineering & Science ,  Geology  ,0
Engineering & Science ,  Web Services  ,1
Engineering & Science ,  Geospatial  ,0
Engineering & Science ,  Redshift  ,4
Engineering & Science ,  Geotechnical Engineering  ,0
Engineering & Science ,  GPS  ,0
Engineering & Science ,  Programming  ,29
Engineering & Science ,  Home Design  ,0
Engineering & Science ,  Human Sciences  ,0
Engineering & Science ,  Imaging  ,0
Engineering & Science ,  Shopify  ,5
Engineering & Science ,  Industrial Engineering  ,0
Engineering & Science ,  Instrumentation  ,0
Engineering & Science ,  Squarespace  ,6
Engineering & Science ,  Linear Programming  ,0
Engineering & Science ,  Mobile App Testing  ,25
Engineering & Science ,  Machine Learning  ,0
Engineering & Science ,  Manufacturing Design  ,0
Engineering & Science ,  Regular Expressions  ,9
Engineering & Science ,  Materials Engineering  ,0
Engineering & Science ,  API  ,70
Engineering & Science ,  Mathematics  ,0
Engineering & Science ,  App Developer  ,118
Engineering & Science ,  Matlab and Mathematica  ,0
Engineering & Science ,  Protoshare  ,103
Engineering & Science ,  Mechanical Engineering  ,0
Engineering & Science ,  Facebook API  ,12
Engineering & Science ,  Mechatronics  ,0
Engineering & Science ,  Medical  ,0
Engineering & Science ,  CATIA  ,1
Engineering & Science ,  Microbiology  ,0
Engineering & Science ,  vBulletin  ,56
Engineering & Science ,  Microcontroller  ,0
Engineering & Science ,  Microstation  ,0
Engineering & Science ,  Mining Engineering  ,0
Engineering & Science ,  Nanotechnology  ,0
Engineering & Science ,  Natural Language  ,0
Engineering & Science ,  Neural Networks  ,0
Engineering & Science ,  PCB Layout  ,0
Engineering & Science ,  Stationery Design  ,1
Engineering & Science ,  Petroleum Engineering  ,0
Engineering & Science ,  Physics  ,0
Engineering & Science ,  Apple iBooks Author  ,3
Engineering & Science ,  PLC & SCADA  ,0
Engineering & Science ,  Product Management  ,0
Engineering & Science ,  Project Scheduling  ,0
Engineering & Science ,  Quantum  ,0
Engineering & Science ,  Remote Sensing  ,0
Engineering & Science ,  Communications  ,5
Engineering & Science ,  Renewable Energy Design  ,0
Engineering & Science ,  Robotics  ,0
Engineering & Science ,  RTOS  ,0
Engineering & Science ,  JSP  ,11
Engineering & Science ,  Scientific Research  ,0
Engineering & Science ,  R Programming Language  ,55
Engineering & Science ,  Solidworks  ,0
Engineering & Science ,  Amazon Web Services  ,37
Engineering & Science ,  Statistical Analysis  ,0
Engineering & Science ,  VBScript  ,42
Engineering & Science ,  Statistics  ,0
Engineering & Science ,  Structural Engineering  ,0
Engineering & Science ,  Surfboard Design  ,0
Engineering & Science ,  YouTube  ,19
Engineering & Science ,  Telecommunications Engineering  ,0
Engineering & Science ,  Textile Engineering  ,0
Engineering & Science ,  VMware  ,11
Engineering & Science ,  Verilog / VHDL  ,0
Engineering & Science ,  Very-large-scale integration VLSI  ,0
Engineering & Science ,  Wireless  ,0
Engineering & Science ,  Wolfram  ,0
Product Sourcing & Manufacturing ,  D Printing  ,0
Product Sourcing & Manufacturing ,  Buyer Sourcing  ,0
Product Sourcing & Manufacturing ,  Editorial Writing  ,5
Product Sourcing & Manufacturing ,  Logistics & Shipping  ,0
Product Sourcing & Manufacturing ,  Manufacturing  ,0
Product Sourcing & Manufacturing ,  Product Design  ,0
Product Sourcing & Manufacturing ,  Product Sourcing  ,0
Product Sourcing & Manufacturing ,  Supplier Sourcing  ,0
Sales & Marketing ,  Writing  ,2
Sales & Marketing ,  Ad Planning & Buying  ,0
Sales & Marketing ,  CasperJS  ,48
Sales & Marketing ,  Advertising  ,0
Sales & Marketing ,  Cisco  ,3
Sales & Marketing ,  Affiliate Marketing  ,0
Sales & Marketing ,  Airbnb  ,0
Sales & Marketing ,  Transcription  ,1
Sales & Marketing ,  Brand Management  ,0
Sales & Marketing ,  Google SketchUp  ,1
Sales & Marketing ,  Brand Marketing  ,0
Sales & Marketing ,  Branding  ,0
Sales & Marketing ,  Bulk Marketing  ,0
Sales & Marketing ,  Squid Cache  ,12
Sales & Marketing ,  Classifieds Posting  ,0
Sales & Marketing ,  Odoo  ,4
Sales & Marketing ,  Content Marketing  ,0
Sales & Marketing ,  Conversion Rate Optimisation  ,0
Sales & Marketing ,  CRM  ,0
Sales & Marketing ,  eBay  ,0
Sales & Marketing ,  C# Programming  ,40
Sales & Marketing ,  Email Marketing  ,0
Sales & Marketing ,  Etsy  ,0
Sales & Marketing ,  LINQ  ,118
Sales & Marketing ,  Facebook Marketing  ,0
Sales & Marketing ,  Speech Writing  ,11
Sales & Marketing ,  Google Adsense  ,0
Sales & Marketing ,  Report Writing  ,50
Sales & Marketing ,  Google Adwords  ,0
Sales & Marketing ,  LESS/Sass/SCSS  ,228
Sales & Marketing ,  Internet Marketing  ,0
Sales & Marketing ,  Game Development  ,60
Sales & Marketing ,  Internet Research  ,0
Sales & Marketing ,  Journalist  ,0
Sales & Marketing ,  Photo Editing  ,2
Sales & Marketing ,  Keyword Research  ,0
Sales & Marketing ,  Leads  ,0
Sales & Marketing ,  Xoops  ,12
Sales & Marketing ,  Mailchimp  ,0
Sales & Marketing ,  Mailwizz  ,0
Sales & Marketing ,  MapKit  ,44
Sales & Marketing ,  Market Research  ,0
Sales & Marketing ,  CakePHP  ,131
Sales & Marketing ,  Marketing  ,0
Sales & Marketing ,  Furniture Design  ,2
Sales & Marketing ,  Marketing Strategy  ,0
Sales & Marketing ,  MLM  ,0
Sales & Marketing ,  Pardot  ,0
Sales & Marketing ,  Golang  ,1
Sales & Marketing ,  Periscope  ,0
Sales & Marketing ,  Icon Design  ,2
Sales & Marketing ,  PPC Marketing  ,0
Sales & Marketing ,  Sales  ,0
Sales & Marketing ,  Amazon Fire  ,3
Sales & Marketing ,  Sales Promotion  ,0
Sales & Marketing ,  Flyer Design  ,26
Sales & Marketing ,  Search Engine Marketing  ,0
Sales & Marketing ,  Linux  ,115
Sales & Marketing ,  Social Media Marketing  ,0
Sales & Marketing ,  WordPress  ,27
Sales & Marketing ,  Telemarketing  ,0
Sales & Marketing ,  Twitter Marketing  ,0
Sales & Marketing ,  GarageBand  ,4
Sales & Marketing ,  Viral Marketing  ,0
Sales & Marketing ,  Visual Merchandising  ,0
Sales & Marketing ,  Yarn  ,70
Sales & Marketing ,  WooCommerce  ,0
Business Accounting Human Resources & Legal ,  Accounting  ,0
Business Accounting Human Resources & Legal ,  Attorney  ,0
Business Accounting Human Resources & Legal ,  Audit  ,0
Business Accounting Human Resources & Legal ,  Autotask  ,0
Business Accounting Human Resources & Legal ,  Business Analysis  ,0
Business Accounting Human Resources & Legal ,  Business Plans  ,0
Business Accounting Human Resources & Legal ,  Audio Services  ,1
Business Accounting Human Resources & Legal ,  Compliance  ,0
Business Accounting Human Resources & Legal ,  MVC  ,9
Business Accounting Human Resources & Legal ,  Contracts  ,0
Business Accounting Human Resources & Legal ,  Crystal Reports  ,0
Business Accounting Human Resources & Legal ,  Econometrics  ,0
Business Accounting Human Resources & Legal ,  Azure  ,15
Business Accounting Human Resources & Legal ,  Economics  ,0
Business Accounting Human Resources & Legal ,  Employment Law  ,0
Business Accounting Human Resources & Legal ,  Entrepreneurship  ,0
Business Accounting Human Resources & Legal ,  ERP  ,0
Business Accounting Human Resources & Legal ,  Manufacturing Design  ,1
Business Accounting Human Resources & Legal ,  Event Planning  ,0
Business Accounting Human Resources & Legal ,  Finance  ,0
Business Accounting Human Resources & Legal ,  Apple Safari  ,23
Business Accounting Human Resources & Legal ,  Financial Analysis  ,0
Business Accounting Human Resources & Legal ,  Fundraising  ,0
Business Accounting Human Resources & Legal ,  Human Resources  ,0
Business Accounting Human Resources & Legal ,  Intuit QuickBooks  ,0
Business Accounting Human Resources & Legal ,  Virtualization  ,2
Business Accounting Human Resources & Legal ,  Inventory Management  ,0
Business Accounting Human Resources & Legal ,  ISO  ,0
Business Accounting Human Resources & Legal ,  Legal  ,0
Business Accounting Human Resources & Legal ,  Photo Retouching  ,4
Business Accounting Human Resources & Legal ,  Legal Research  ,0
Business Accounting Human Resources & Legal ,  OpenCL  ,9
Business Accounting Human Resources & Legal ,  Legal Writing  ,0
Business Accounting Human Resources & Legal ,  Linnworks Order Management  ,0
Business Accounting Human Resources & Legal ,  Active Directory  ,29
Business Accounting Human Resources & Legal ,  Management  ,0
Business Accounting Human Resources & Legal ,  MYOB  ,0
Business Accounting Human Resources & Legal ,  Nintex Forms  ,0
Business Accounting Human Resources & Legal ,  Nintex Workflow  ,0
Business Accounting Human Resources & Legal ,  Qualitative Research  ,2
Business Accounting Human Resources & Legal ,  Organizational Change Management  ,0
Business Accounting Human Resources & Legal ,  Patents  ,0
Business Accounting Human Resources & Legal ,  Payroll  ,0
Business Accounting Human Resources & Legal ,  PeopleSoft  ,0
Business Accounting Human Resources & Legal ,  Product Descriptions  ,2
Business Accounting Human Resources & Legal ,  Personal Development  ,0
Business Accounting Human Resources & Legal ,  ARKit  ,52
Business Accounting Human Resources & Legal ,  Project Management  ,0
Business Accounting Human Resources & Legal ,  Property Development  ,0
Business Accounting Human Resources & Legal ,  Photography  ,1
Business Accounting Human Resources & Legal ,  Property Law  ,0
Business Accounting Human Resources & Legal ,  Civil Engineering  ,1
Business Accounting Human Resources & Legal ,  Property Management  ,0
Business Accounting Human Resources & Legal ,  Public Relations  ,0
Business Accounting Human Resources & Legal ,  Recruitment  ,0
Business Accounting Human Resources & Legal ,  Social Engine  ,5
Business Accounting Human Resources & Legal ,  Risk Management  ,0
Business Accounting Human Resources & Legal ,  Creative Design  ,3
Business Accounting Human Resources & Legal ,  Salesforce.com  ,0
Business Accounting Human Resources & Legal ,  SAS  ,0
Business Accounting Human Resources & Legal ,  Startups  ,0
Business Accounting Human Resources & Legal ,  Tax  ,0
Business Accounting Human Resources & Legal ,  Tax Law  ,0
Business Accounting Human Resources & Legal ,  Unit Business World  ,0
Business Accounting Human Resources & Legal ,  Circuit Design  ,1
Business Accounting Human Resources & Legal ,  Visa / Immigration  ,0
Business Accounting Human Resources & Legal ,  Xero  ,0
Translation & Languages ,  Imaging  ,1
Translation & Languages ,  Afrikaans  ,0
Translation & Languages ,  Albanian  ,0
Translation & Languages ,  Arabic  ,0
Translation & Languages ,  Basque  ,0
Translation & Languages ,  Bengali  ,0
Translation & Languages ,  Bosnian  ,0
Translation & Languages ,  Bulgarian  ,0
Translation & Languages ,  Catalan  ,0
Translation & Languages ,  Croatian  ,0
Translation & Languages ,  Czech  ,0
Translation & Languages ,  Danish  ,0
Translation & Languages ,  Dari  ,0
Translation & Languages ,  Dutch  ,0
Translation & Languages ,  English UK  ,0
Translation & Languages ,  English US  ,0
Translation & Languages ,  Android Wear SDK  ,40
Translation & Languages ,  English Grammar  ,0
Translation & Languages ,  Angular.js  ,27
Translation & Languages ,  English Spelling  ,0
Translation & Languages ,  Estonian  ,0
Translation & Languages ,  Filipino  ,0
Translation & Languages ,  Finnish  ,0
Translation & Languages ,  French  ,0
Translation & Languages ,  French Canadian  ,0
Translation & Languages ,  German  ,0
Translation & Languages ,  Greek  ,0
Translation & Languages ,  Hebrew  ,0
Translation & Languages ,  Hindi  ,0
Translation & Languages ,  Hungarian  ,0
Translation & Languages ,  Socket IO  ,8
Translation & Languages ,  Indonesian  ,0
Translation & Languages ,  Interpreter  ,0
Translation & Languages ,  Italian  ,0
Translation & Languages ,  Japanese  ,0
Translation & Languages ,  Kannada  ,0
Translation & Languages ,  Korean  ,0
Translation & Languages ,  Latvian  ,0
Translation & Languages ,  Lithuanian  ,0
Translation & Languages ,  Macedonian  ,0
Translation & Languages ,  Malay  ,0
Translation & Languages ,  Malayalam  ,0
Translation & Languages ,  Maltese  ,0
Translation & Languages ,  OpenBravo  ,5
Translation & Languages ,  Norwegian  ,0
Translation & Languages ,  Poet  ,0
Translation & Languages ,  Polish  ,0
Translation & Languages ,  Portuguese  ,0
Translation & Languages ,  Portuguese Brazil  ,0
Translation & Languages ,  Punjabi  ,0
Translation & Languages ,  Romanian  ,0
Translation & Languages ,  Russian  ,0
Translation & Languages ,  Serbian  ,0
Translation & Languages ,  Simplified Chinese China  ,0
Translation & Languages ,  Wufoo  ,3
Translation & Languages ,  Slovakian  ,0
Translation & Languages ,  x/x Assembler  ,1
Translation & Languages ,  Slovenian  ,0
Translation & Languages ,  Spanish  ,0
Translation & Languages ,  Spanish Spain  ,0
Translation & Languages ,  Swedish  ,0
Translation & Languages ,  Tamil  ,0
Translation & Languages ,  Telugu  ,0
Translation & Languages ,  Thai  ,0
Translation & Languages ,  Plesk  ,17
Translation & Languages ,  Traditional Chinese Hong Kong  ,0
Translation & Languages ,  Traditional Chinese Taiwan  ,0
Translation & Languages ,  Turkish  ,0
Translation & Languages ,  Broadcast Engineering  ,8
Translation & Languages ,  Ukrainian  ,0
Translation & Languages ,  Urdu  ,0
Translation & Languages ,  Essay Writing  ,3
Translation & Languages ,  Vietnamese  ,0
Translation & Languages ,  HomeKit  ,44
Translation & Languages ,  Voice Artist  ,0
Translation & Languages ,  Welsh  ,0
Local Jobs & Services  ,  Yiddish  ,0
Local Jobs & Services  ,  Air Conditioning  ,0
Local Jobs & Services  ,  Antenna Services  ,0
Local Jobs & Services  ,  OpenStack  ,3
Local Jobs & Services  ,  Appliance Installation  ,0
Local Jobs & Services  ,  Appliance Repair  ,0
Local Jobs & Services  ,  Asbestos Removal  ,0
Local Jobs & Services  ,  Asphalt  ,0
Local Jobs & Services  ,  Attic Access Ladders  ,0
Local Jobs & Services  ,  Awnings  ,0
Local Jobs & Services  ,  Balustrading  ,0
Local Jobs & Services  ,  Bamboo Flooring  ,0
Local Jobs & Services  ,  Bathroom  ,0
Local Jobs & Services  ,  Brackets  ,0
Local Jobs & Services  ,  Bricklaying  ,0
Local Jobs & Services  ,  Building  ,0
Local Jobs & Services  ,  Building Certifiers  ,0
Local Jobs & Services  ,  Building Consultants  ,0
Local Jobs & Services  ,  Building Designer  ,0
Local Jobs & Services  ,  Building Surveyors  ,0
Local Jobs & Services  ,  Carpentry  ,0
Local Jobs & Services  ,  Carpet Repair & Laying  ,0
Local Jobs & Services  ,  Carports  ,0
Local Jobs & Services  ,  Carwashing  ,0
Local Jobs & Services  ,  Ceilings  ,0
Local Jobs & Services  ,  Cement Bonding Agents  ,0
Local Jobs & Services  ,  Cleaning Carpet  ,0
Local Jobs & Services  ,  Cleaning Domestic  ,0
Local Jobs & Services  ,  Cleaning Upholstery  ,0
Local Jobs & Services  ,  Zend  ,2
Local Jobs & Services  ,  Clothesline  ,0
Local Jobs & Services  ,  Coating Materials  ,0
Local Jobs & Services  ,  Columns  ,0
Local Jobs & Services  ,  Commercial Cleaning  ,0
Local Jobs & Services  ,  Computer Help  ,0
Local Jobs & Services  ,  Concreting  ,0
Local Jobs & Services  ,  Cooking / Baking  ,0
Local Jobs & Services  ,  Courses  ,0
Local Jobs & Services  ,  Damp Proofing  ,0
Local Jobs & Services  ,  Decking  ,0
Local Jobs & Services  ,  Decoration  ,0
Local Jobs & Services  ,  Delivery  ,0
Local Jobs & Services  ,  Demolition  ,0
Local Jobs & Services  ,  Disposals  ,0
Local Jobs & Services  ,  Drafting  ,0
Local Jobs & Services  ,  Drains  ,0
Local Jobs & Services  ,  Electricians  ,0
Local Jobs & Services  ,  Equipment Hire  ,0
Local Jobs & Services  ,  Event Staffing  ,0
Local Jobs & Services  ,  Excavation  ,0
Local Jobs & Services  ,  Sound Design  ,2
Local Jobs & Services  ,  Extensions & Additions  ,0
Local Jobs & Services  ,  Fencing  ,0
Local Jobs & Services  ,  Feng Shui  ,0
Local Jobs & Services  ,  Grant Writing  ,2
Local Jobs & Services  ,  Financial Planning  ,0
Local Jobs & Services  ,  Floor Coatings  ,0
Local Jobs & Services  ,  Flooring  ,0
Local Jobs & Services  ,  Flyscreens  ,0
Local Jobs & Services  ,  Food Takeaway  ,0
Local Jobs & Services  ,  Frames & Trusses  ,0
Local Jobs & Services  ,  Furniture Assembly  ,0
Local Jobs & Services  ,  Filmmaking  ,10
Local Jobs & Services  ,  Gardening  ,0
Local Jobs & Services  ,  Gas Fitting  ,0
Local Jobs & Services  ,  XSLT  ,2
Local Jobs & Services  ,  General Labor  ,0
Local Jobs & Services  ,  Glass / Mirror & Glazing  ,0
Local Jobs & Services  ,  Guttering  ,0
Local Jobs & Services  ,  Hair Styles  ,0
Local Jobs & Services  ,  Handyman  ,0
Local Jobs & Services  ,  Heating Systems  ,0
Local Jobs & Services  ,  Home Automation  ,0
Local Jobs & Services  ,  Home Organization  ,0
Local Jobs & Services  ,  Hot Water  ,0
Local Jobs & Services  ,  House Cleaning  ,0
Local Jobs & Services  ,  Housework  ,0
Local Jobs & Services  ,  ePub  ,1
Local Jobs & Services  ,  IKEA Installation  ,0
Local Jobs & Services  ,  Inspections  ,0
Local Jobs & Services  ,  OpenVMS  ,3
Local Jobs & Services  ,  Installation  ,0
Local Jobs & Services  ,  QlikView  ,3
Local Jobs & Services  ,  Interiors  ,0
Local Jobs & Services  ,  Kitchen  ,0
Local Jobs & Services  ,  Python  ,12
Local Jobs & Services  ,  Landscape Design  ,0
Local Jobs & Services  ,  Final Cut Pro  ,10
Local Jobs & Services  ,  Landscaping  ,0
Local Jobs & Services  ,  Finale / Sibelius  ,10
Local Jobs & Services  ,  Landscaping & Gardening  ,0
Local Jobs & Services  ,  Laundry and Ironing  ,0
Local Jobs & Services  ,  Lawn Mowing  ,0
Local Jobs & Services  ,  Lighting  ,0
Local Jobs & Services  ,  Autodesk Sketchbook Pro  ,1
Local Jobs & Services  ,  Locksmith  ,0
Local Jobs & Services  ,  Make Up  ,0
Local Jobs & Services  ,  Millwork  ,0
Local Jobs & Services  ,  Mortgage Brokering  ,0
Local Jobs & Services  ,  Moving  ,0
Local Jobs & Services  ,  Mural Painting  ,0
Local Jobs & Services  ,  Packing & Shipping  ,0
Local Jobs & Services  ,  Painting  ,0
Local Jobs & Services  ,  Pavement  ,0
Local Jobs & Services  ,  Pest Control  ,0
Local Jobs & Services  ,  Pet Sitting  ,0
Local Jobs & Services  ,  Pickup  ,0
Local Jobs & Services  ,  Piping  ,0
Local Jobs & Services  ,  Plumbing  ,0
Local Jobs & Services  ,  Removalist  ,0
Local Jobs & Services  ,  Roofing  ,0
Local Jobs & Services  ,  Sculpturing  ,0
Local Jobs & Services  ,  Sewing  ,0
Local Jobs & Services  ,  Shopping  ,0
Local Jobs & Services  ,  Tiling  ,0
Local Jobs & Services  ,  Blog Design  ,1
Local Jobs & Services  ,  Workshops  ,0
Local Jobs & Services  ,  Yard Work & Removal  ,0
Other  ,  Adobe Pagemaker  ,0
Other  ,  Hive  ,75
Other  ,  Anything Goes  ,0
Other  ,  Assembla  ,0
Other  ,  Automotive  ,0
Other  ,  Brain Storming  ,0
Other  ,  Business Coaching  ,0
Other  ,  Splunk  ,6
Other  ,  Christmas  ,0
Other  ,  Papiamento  ,2
Other  ,  Cooking & Recipes  ,0
Other  ,  Dating  ,0
Other  ,  Education & Tutoring  ,0
Other  ,  Energy  ,0
Other  ,  Aws Lambda  ,19
Other  ,  Financial Markets  ,0
Other  ,  Flashmob  ,0
Other  ,  Cartography & Maps  ,12
Other  ,  Freelance  ,0
Other  ,  General Office  ,1
Other  ,  Genealogy  ,0
Other  ,  Health  ,0
Other  ,  History  ,0
Other  ,  Insurance  ,0
Other  ,  Biotechnology  ,5
Other  ,  Jewellery  ,0
Other  ,  Life Coaching  ,0
Other  ,  Nutrition  ,0
Other  ,  Pattern Making  ,0
Other  ,  Apache Ant  ,10
Other  ,  Psychology  ,0
Other  ,  Online Writing  ,11
Other  ,  Real Estate  ,0
Other  ,  Sports  ,0
Other  ,  Test Automation  ,0
Other  ,  Social Networking  ,24
Other  ,  Testing / QA  ,0
Other  ,  Training  ,0
Other  ,  Troubleshooting  ,0
Other  ,  Poetry  ,1
Other  ,  Valuation & Appraisal  ,0
Other  ,  Weddings  ,0
Other  ,  XXX  ,0
