Graphic Design , 1415
Photoshop , 833
Illustrator , 469
T-Shirts , 82
Poster Design , 44
User Interface Design , 11
Logo Design , 879
Banner Design , 337
Website Design , 891
User Interface / IA , 80
Illustration , 259
Corporate Identity , 100
PHP , 1132
Java , 240
Photography , 69
Photo Editing , 223
Photoshop Design , 350
Internet Marketing , 187
SEO , 196
Link Building , 77
Search Engine Marketing , 20
Branding , 20
Print , 15
WordPress , 667
HTML , 764
MySQL , 497
Javascript , 561
eCommerce , 163
Software Architecture , 380
Web Hosting , 58
AJAX , 96
3D Modelling , 202
Solidworks , 36
CAD/CAM , 64
AutoCAD , 103
3D Rendering , 207
Product Design , 40
3D Design , 128
3D Model Maker , 4
Article Writing , 295
3ds Max , 97
XML , 58
Excel , 356
HTML5 , 300
Script Install , 25
Business Plans , 45
Market Research , 22
Marketing , 103
Research , 195
Research Writing , 228
Financial Research , 22
Advertising , 48
Editing , 102
Flyer Design , 124
Codeigniter , 39
Linux , 129
Network Administration , 35
System Admin , 67
Ubuntu , 20
UNIX , 22
Windows Server , 24
VMware , 6
Apache , 30
Interior Design , 54
Business Cards , 119
Statistics , 33
Statistical Analysis , 17
SPSS Statistics , 7
Technical Writing , 159
Finance , 39
SAS , 3
Financial Analysis , 16
Bootstrap , 51
Python , 134
CSS , 446
Embedded Software , 17
Joomla , 91
PSD to HTML , 125
WooCommerce , 46
Virtual Assistant , 111
Windows Desktop , 63
Software Development , 69
Data Processing , 219
Data Entry , 388
Web Scraping , 203
Windows Mobile , 3
node.js , 36
Android , 273
Mobile App Development , 256
jQuery / Prototype , 136
Visual Basic , 80
VB.NET , 25
Visual Basic for Apps , 22
.NET , 107
C# Programming , 146
Typography , 13
Visual Arts , 12
Motion Graphics , 37
Unity 3D , 29
iPhone , 186
Game Development , 23
Game Design , 24
C Programming , 157
Internet Research , 50
eBay , 10
Amazon Web Services , 41
VoIP , 11
Asterisk PBX , 13
Cisco , 18
Web Security , 35
Wireless , 15
Computer Security , 24
Technical Support , 13
C++ Programming , 115
UML Design , 8
Mathematics , 55
Caricature & Cartoons , 75
Book Artist , 12
Drawing , 4
Concept Design , 19
Animation , 147
Arts & Crafts , 27
Creative Design , 47
Painting , 3
Building Architecture , 67
Mechanical Engineering , 53
Google SketchUp , 29
Drupal , 18
Arduino , 25
Microcontroller , 35
Electronics , 45
Engineering , 92
Electrical Engineering , 48
Website Management , 43
Icon Design , 73
SQL , 114
Database Administration , 20
Database Programming , 24
Database Development , 21
Oracle , 14
Microsoft Access , 38
ASP , 36
Audio Services , 34
Audio Production , 22
After Effects , 105
Video Services , 110
Sound Design , 17
Video Editing , 96
Translation , 203
Polish , 2
English (US) , 120
English (UK) , 90
PDF , 69
Brochure Design , 155
Stationery Design , 35
Web Search , 165
Leads , 71
Data Mining , 68
Copy Typing , 76
3D Animation , 155
Label Design , 21
R Programming Language , 14
Content Writing , 172
Blog , 97
Ghostwriting , 146
Article Rewriting , 170
Copywriting , 211
Product Descriptions , 29
Shopping Carts , 77
NoSQL Couch & Mongo , 3
Voice Talent , 33
Voice Artist , 19
Music , 22
Videography , 37
Video Production , 57
VPS , 9
Metatrader , 13
Google Adwords , 38
Google Analytics , 15
Google Adsense , 7
Facebook Marketing , 68
Landing Pages , 8
Social Media Marketing , 55
eBooks , 41
Creative Writing , 46
Proofreading , 149
Infographics , 14
Data Scraping , 5
Transcription , 55
English Spelling , 13
JSP , 12
Coding , 13
English Grammar , 19
Academic Writing , 14
Matlab and Mathematica , 61
Education & Tutoring , 8
Aerospace Engineering , 4
PLC & SCADA , 4
Physics , 11
Recruitment , 5
JavaFX , 6
Programming , 43
Verilog / VHDL , 4
FPGA , 6
Digital Design , 3
Circuit Design , 19
PCB Layout , 26
Mechatronics , 3
Desktop Support , 1
Active Directory , 7
Simplified Chinese (China) , 16
Traditional Chinese (Taiwan) , 7
Word , 70
Advertisement Design , 46
Powerpoint , 69
Accounting , 37
Data Warehousing , 3
Business Intelligence , 2
Home Design , 27
Freelance , 8
Hindi , 6
Microsoft Office , 41
Forum Posting , 5
Arabic , 38
Shopify , 31
Moodle , 4
Prestashop , 24
Magento , 107
Laravel , 24
Natural Language , 3
Report Writing , 147
Proposal/Bid Writing , 7
Medical Writing , 13
Russian , 25
Italian , 19
Design , 26
Word Processing , 4
Golang , 3
3D Printing , 8
Jewellery , 2
Zbrush , 5
Excel VBA , 10
Czech , 3
Interiors , 1
Smarty PHP , 3
Angular.js , 41
Express JS , 3
CS-Cart , 3
Objective C , 56
Short Stories , 8
Business Writing , 29
Maya , 29
Medical , 3
Sticker Design , 7
Vectorization , 12
CSS3 , 13
Mobile App Testing , 10
Swift , 53
iPad , 48
Romanian , 7
Plugin , 7
Open Cart , 17
Drafting , 13
Engineering Drawing , 8
Mac OS , 14
Manufacturing , 16
Manufacturing Design , 19
Shopify Templates , 9
Bluetooth Low Energy (BLE) , 6
Portuguese , 6
Sales , 30
Adobe Lightroom , 7
Photoshop Coding , 4
Photo Retouching , 4
Adobe Flash , 40
MVC , 16
PhoneGap , 11
Web Development , 15
Software Testing , 34
Big Data , 11
Video Upload , 10
Azure , 4
Hadoop , 7
ASP.NET , 30
Civil Engineering , 19
Structural Engineering , 12
Email Developer , 10
Steam API , 1
Website Testing , 35
J2EE , 11
Ruby , 11
Ruby on Rails , 17
DOS , 2
Raspberry Pi , 10
Legal Writing , 6
Legal , 12
Legal Research , 9
Contracts , 7
Property Law , 2
Concept Art , 4
Microsoft , 25
Covers & Packaging , 44
App Designer , 24
Dthreejs , 2
LESS/Sass/SCSS , 10
JSON , 13
Materials Engineering , 5
Finite Element Analysis , 3
Microsoft SQL Server , 34
Customer Support , 19
Book Writing , 27
Corel Draw , 1
2D Animation , 5
Algorithm , 34
Imaging , 8
Shell Script , 18
Resumes , 8
Delphi , 16
Spanish , 29
Computer Graphics , 10
Clothesline , 1
Tattoo Design , 4
Business Analysis , 37
Django , 18
WHMCS , 4
General Office , 2
Google Maps API , 13
Geographical Information System (GIS) , 1
Cartography & Maps , 3
PayPal API , 17
Balsamiq , 1
Computer Science , 2
Bulk Marketing , 22
French , 36
RESTful , 9
PostgreSQL , 10
Package Design , 18
Adobe InDesign , 46
Reviews , 23
Templates , 11
Email Handling , 16
App Developer , 55
Social Networking , 26
Industrial Design , 22
Project Management , 42
Industrial Engineering , 5
Google App Engine , 3
Geolocation , 5
Prolog , 4
CMS , 22
BigCommerce , 1
Human Resources , 8
Adobe Illustrator , 12
Knockout.js , 1
Excel Macros , 5
Microsoft Exchange , 6
FileMaker , 1
Blog Install , 12
Telecommunications Engineering , 10
Email Marketing , 31
Product Sourcing , 6
Supplier Sourcing , 6
Presentations , 17
Biology , 3
Fashion Design , 13
Fashion Modeling , 4
Furniture Design , 6
Final Cut Pro , 6
Financial Markets , 6
Linkedin , 8
YouTube , 19
Sharepoint , 6
Classifieds Posting , 4
Twitter , 28
iOS Development , 19
Samsung , 4
Machine Learning , 19
German , 35
Anything Goes , 22
Japanese , 10
Bash Scripting , 3
Regular Expressions , 2
Customer Service , 10
Cocoa , 9
LabVIEW , 4
Catch Phrases , 7
Slogans , 9
Press Releases , 9
Augmented Reality , 6
Article Submission , 16
React.js , 15
ActionScript , 6
Ukrainian , 5
Telemarketing , 8
Commercials , 3
Dutch , 7
Adobe Premiere Pro , 8
Odoo , 6
ERP , 5
Chemical Engineering , 4
Geology , 1
Bookkeeping , 8
Intuit QuickBooks , 7
MYOB , 1
Payroll , 6
Tax , 1
Pinterest , 10
Swedish , 4
Spanish (Spain) , 8
Windows CE , 1
Phone Support , 5
Order Processing , 6
Microsoft Outlook , 6
Bitcoin , 4
Blockchain , 1
Ethereum , 1
Traditional Chinese (Hong Kong) , 5
Health , 2
Sketching , 2
Ionic Framework , 12
Web Services , 13
Salesforce.com , 3
Salesforce App Development , 2
CRM , 8
Adobe Dreamweaver , 5
LaTeX , 4
Testing / QA , 15
SEO Writing , 3
Google Website Optimizer , 2
User Experience Design , 15
SQLite , 5
Invitation Design , 4
Serbian , 3
vBulletin , 2
Perl , 17
Format & Layout , 6
Autodesk Revit , 10
Storyboard , 3
Forum Software , 1
Varnish Cache , 2
Ad Planning & Buying , 3
Viral Marketing , 3
Twitter Marketing , 1
Symbian , 1
Usability Testing , 2
Scala , 2
Management , 10
Interspire , 3
Expression Engine , 1
Zend , 3
Pentaho , 1
XXX , 3
Pattern Making , 2
Vuforia , 2
360-degree video , 3
Scripting , 2
Prezi , 2
ePub , 1
Amazon Kindle , 2
Scientific Research , 3
Social Engine , 1
OCR , 3
Keyword Research , 1
PPC Marketing , 1
Social Media Management , 1
Linear Programming , 1
Project Scheduling , 4
Fiction , 7
Google Plus , 10
Online Writing , 5
Speech Writing , 2
CATIA , 1
Audit , 1
Organizational Change Management , 1
Building Designer , 1
Turkish , 4
Qt , 1
Finnish , 1
Indonesian , 2
Data Science , 5
Bengali , 3
PSD2CMS , 4
Post-Production , 6
OpenSSL , 3
DNS , 5
IIS , 4
Macedonian , 1
Debugging , 3
Economics , 1
Sphinx , 1
TYPO3 , 2
Computer Help , 2
Cloud Computing , 5
Flash 3D , 3
Neural Networks , 1
Pre-production , 3
QuarkXPress , 3
Packing & Shipping , 1
Yiddish , 1
Microsoft Visio , 7
Tamil , 1
Google Earth , 1
Travel Writing , 7
Logistics & Shipping , 2
Blog Writing , 3
Zen Cart , 4
Internet Security , 7
Screenwriting , 4
Construction Monitoring , 1
Plumbing , 2
Instrumentation , 1
Hot Water , 1
Socket IO , 1
Lighting , 1
Video Broadcasting , 3
Blackberry , 2
AutoHotkey , 1
Business Card Design , 2
Mortgage Brokering , 1
Nginx , 7
Wireframes , 2
MySpace , 1
Affiliate Marketing , 1
MeteorJS , 1
Yii , 7
Minitab , 1
Stripe , 2
Publishing , 3
Urdu , 4
Apple Logic Pro , 2
CakePHP , 7
Product Management , 3
Autodesk Inventor , 4
CGI , 2
Flex , 2
Training , 4
XSLT , 3
XQuery , 1
OpenGL , 5
x86/x64 Assembler , 3
GPS , 1
DotNetNuke , 2
Pickup , 2
Blog Design , 1
Virtuemart , 2
OAuth , 1
Bulgarian , 1
French (Canadian) , 6
Map Reduce , 2
Investment Research , 2
Employment Law , 2
Tax Law , 1
Visual Foxpro , 1
Zoho , 2
Assembly , 5
Patents , 3
Call Center , 4
Poetry , 1
Greek , 1
Heroku , 1
Instagram , 6
Communications , 2
Image Processing , 5
Typing , 3
Powershell , 1
Estonian , 1
Delivery , 1
Debian , 4
Eclipse , 1
Automotive , 1
Newsletters , 3
Kinect , 1
Troubleshooting , 3
Crystal Reports , 1
Xamarin , 4
Parallax Scrolling , 1
Tableau , 2
Workshops , 1
Symfony PHP , 3
Landscaping & Gardening , 1
Writing , 1
Git , 1
Procurement , 1
Cinema 4D , 1
Telephone Handling , 2
Kinetic Typography , 1
Mailchimp , 4
Google Chrome , 2
Petroleum Engineering , 1
OSCommerce , 6
Visualization , 1
Apple Watch , 1
Renewable Energy Design , 2
Lisp , 3
Korean , 3
Hebrew , 2
Real Estate , 1
Test Automation , 2
OpenVPN , 1
Docker , 1
Psychology , 1
Human Sciences , 1
History , 1
Landscape Design , 2
Finale / Sibelius , 2
Moving , 1
Google Webmaster Tools , 5
Umbraco , 2
Qualtrics Survey Platform , 1
Wufoo , 1
Grant Writing , 1
Weddings , 1
Danish , 2
SEO Auditing , 1
Remote Sensing , 1
CasperJS , 1
Kitchen , 1
Apache Ant , 1
Electronic Forms , 2
Mailwizz , 1
Inventory Management , 1
Helpdesk , 1
Weebly , 1
Artificial Intelligence , 2
Windows API , 2
Spark , 1
SAP , 1
Analytics , 3
Firefox , 1
Extensions & Additions , 1
Plesk , 5
WPF , 1
Windows 8 , 2
Windows Phone , 3
Thai , 4
Object Oriented Programming (OOP) , 1
Dating , 1
Android Wear SDK , 2
eLearning , 1
Courses , 1
Data Analytics , 1
RTOS , 1
Vietnamese , 2
Puppet , 1
Wix , 1
FreeSwitch , 1
BPO , 2
Volusion , 1
Portuguese (Brazil) , 1
Afrikaans , 1
Malay , 2
Tekla Structures , 1
Risk Management , 1
Filmmaking , 1
Squarespace , 1
Landscaping , 1
Robotics , 1
Jabber , 1
vTiger , 2
SugarCRM , 1
Cooking & Recipes , 1
OpenCV , 1
Hungarian , 1
Dynamics , 1
Typescript , 1
XMPP , 1
Fundraising , 1
